{
    "loss": 0.26238617300987244,
    "accuracy": 0.8823529481887817
}